epoch,time,train/box_loss,train/cls_loss,train/dfl_loss,metrics/precision(B),metrics/recall(B),metrics/mAP50(B),metrics/mAP50-95(B),val/box_loss,val/cls_loss,val/dfl_loss,lr/pg0,lr/pg1,lr/pg2
1,170.708,1.52379,1.99314,1.5742,0.40317,0.21891,0.24154,0.1371,1.51424,2.11926,1.5349,2.023e-05,2.023e-05,2.023e-05
2,344.827,1.56052,1.77666,1.58721,0.37951,0.24428,0.26679,0.1545,1.52444,1.98823,1.51942,3.89011e-05,3.89011e-05,3.89011e-05
3,514.337,1.43268,1.58061,1.43776,0.65089,0.19966,0.2665,0.14673,1.53731,1.91213,1.50001,5.47448e-05,5.47448e-05,5.47448e-05
4,684.516,1.35408,1.46279,1.40164,0.60351,0.19992,0.29068,0.16509,1.55604,1.87459,1.48149,6.7761e-05,6.7761e-05,6.7761e-05
5,855.521,1.35519,1.46137,1.42991,0.56678,0.23779,0.29584,0.16133,1.54987,1.86438,1.47319,7.79498e-05,7.79498e-05,7.79498e-05
6,1023.9,1.41836,1.78907,1.41196,0.54468,0.23373,0.23391,0.11972,1.5422,1.8465,1.47525,7.973e-05,7.973e-05,7.973e-05
7,1192.26,1.38668,1.54938,1.39584,0.51126,0.23621,0.22678,0.11765,1.56397,1.96649,1.49452,7.1876e-05,7.1876e-05,7.1876e-05
8,1360.06,1.30974,1.46328,1.39751,0.52413,0.24369,0.24383,0.12402,1.53747,1.96264,1.47152,6.4022e-05,6.4022e-05,6.4022e-05
9,1527.7,1.2925,1.4139,1.35583,0.60232,0.21149,0.23897,0.12591,1.5067,1.98803,1.46486,5.6168e-05,5.6168e-05,5.6168e-05
