model,precision,recall,mAP50,mAP50_95
pretrained,0.8605430482531653,0.2956379966708073,0.36822934251562256,0.2367155141927571
finetuned,0.7636530730570087,0.34342424613223627,0.40557671307232646,0.2512512600897212
delta,-0.09688997519615661,0.04778624946142895,0.037347370556703896,0.014535745896964103
