domain,precision,recall,mAP50,mAP50_95
blur,0.8361499089922546,0.34213781484098726,0.3989965123301473,0.24589784131115597
deblur,0.7636530730570087,0.34342424613223627,0.40557671307232646,0.2512512600897212
sharp,0.7085647002816131,0.5425098422032114,0.6129016551096862,0.4370904793389293
