domain,precision,recall,mAP50,mAP50_95
blur,0.7591457238299496,0.33806526090022065,0.3933284046639212,0.25345070827272076
deblur,0.8605430482531653,0.2956379966708073,0.36822934251562256,0.2367155141927571
sharp,0.7957892889162126,0.5515952904596777,0.6150121743177577,0.44676953117663676
