method,mse,psnr,ssim,runtime_sec
blur_baseline,458.58136,22.82353017736055,0.6325749541257957,0.0
richardson_lucy,846.661,19.78150406146151,0.5326063440118739,0.40871789999982866
unsharp,492.7313,22.570335470995275,0.6246216180278272,0.0020777824998731375
wiener,1506.1808,17.736254724655915,0.33759512098216055,0.05039506749999419
